,Topic,Word,Score
0,Topic -1,gene,0.013210527261095869
1,Topic -1,genes,0.01272797759433075
2,Topic -1,set,0.012295534282373913
3,Topic -1,using,0.011225664798314302
4,Topic -1,protein,0.010565241110037961
5,Topic -1,one,0.0100597336886189
6,Topic -1,number,0.009927736541424677
7,Topic -1,used,0.009532091637381656
8,Topic -1,two,0.009220154403898327
9,Topic -1,cell,0.00902218334296918
10,Topic -1,also,0.008985125958697208
11,Topic -1,based,0.008876505478397224
12,Topic -1,sequence,0.008798963073575925
13,Topic -1,interactions,0.00874332075964598
14,Topic -1,network,0.008318737506481641
15,Topic -1,disease,0.00802252439534703
16,Topic -1,models,0.00780728335823449
17,Topic -1,different,0.007750461736547517
18,Topic -1,expression,0.007718332833807386
19,Topic -1,interaction,0.007537091934185939
20,Topic -1,human,0.007503259584041782
21,Topic -1,class,0.007296864773364749
22,Topic -1,methods,0.007199280439254407
23,Topic -1,proteins,0.007139930844456585
24,Topic -1,values,0.007083735957426374
25,Topic -1,non,0.007050826030181879
26,Topic -1,high,0.006981738698286611
27,Topic -1,sequences,0.006894650220830552
28,Topic -1,fig,0.006891950080494192
29,Topic -1,data,0.006831800932847397
30,Topic -1,information,0.006809539517609915
31,Topic -1,value,0.00674568909779792
32,Topic -1,clinical,0.006718977219783416
33,Topic -1,cancer,0.006602639701458383
34,Topic -1,function,0.006594054536180645
35,Topic -1,use,0.006411546993017825
36,Topic -1,site,0.006391765753497091
37,Topic -1,features,0.006319838586361355
38,Topic -1,samples,0.006304439522433741
39,Topic -1,shown,0.006258945777444334
40,Topic -1,pro,0.006258606162251074
41,Topic -1,table,0.006174637183781211
42,Topic -1,cells,0.006051394692183687
43,Topic -1,given,0.005988768283505458
44,Topic -1,type,0.00595379772844314
45,Topic -1,well,0.005754151269168722
46,Topic -1,associated,0.005749451080667124
47,Topic -1,however,0.005665412343747156
48,Topic -1,networks,0.00556660952705007
49,Topic -1,structure,0.005561971142226909
50,Topic 0,protein,0.031004247226107787
51,Topic 0,proteins,0.02377164809398556
52,Topic 0,structure,0.02019935763562679
53,Topic 0,residues,0.01729326455757518
54,Topic 0,sequence,0.01585581227779935
55,Topic 0,structures,0.01490222295891015
56,Topic 0,binding,0.013725896721109566
57,Topic 0,set,0.013687136741233771
58,Topic 0,function,0.012566353336604968
59,Topic 0,two,0.012060808129857941
60,Topic 0,using,0.011648077772192159
61,Topic 0,residue,0.011310300738099674
62,Topic 0,energy,0.011241438344814007
63,Topic 0,one,0.011227519450238125
64,Topic 0,amino,0.011128051244276837
65,Topic 0,number,0.011016457375753606
66,Topic 0,used,0.011009624155219484
67,Topic 0,structural,0.010282456031721798
68,Topic 0,prediction,0.010107560441072846
69,Topic 0,based,0.009396560109459693
70,Topic 0,methods,0.009321137222830103
71,Topic 0,conformation,0.009173133606500768
72,Topic 0,site,0.008964253081484755
73,Topic 0,chain,0.008951705178704797
74,Topic 0,disordered,0.00853076212412668
75,Topic 0,also,0.008171695493500566
76,Topic 0,points,0.00811464135262968
77,Topic 0,surface,0.008098531770129288
78,Topic 0,similarity,0.007879237867741702
79,Topic 0,distance,0.007799916681153699
80,Topic 0,order,0.007735630017762987
81,Topic 0,interactions,0.007728678222804859
82,Topic 0,score,0.007697219059928201
83,Topic 0,point,0.007687361961256878
84,Topic 0,regions,0.00767318933641761
85,Topic 0,table,0.007603513259293497
86,Topic 0,sites,0.00742822290128206
87,Topic 0,molecular,0.007418113833104653
88,Topic 0,different,0.00740174700871111
89,Topic 0,atoms,0.007261276040874466
90,Topic 0,sequences,0.007251988589058942
91,Topic 0,conformations,0.007165039774702697
92,Topic 0,that,0.007085360165126715
93,Topic 0,fold,0.007000116583593036
94,Topic 0,are,0.006937441455549372
95,Topic 0,class,0.006916991624696457
96,Topic 0,disorder,0.006826954305932851
97,Topic 0,shown,0.006778185772994916
98,Topic 0,alignment,0.006777348906111224
99,Topic 0,similar,0.006770959203756986
100,Topic 1,snps,0.028896331172013595
101,Topic 1,snp,0.027498396139227766
102,Topic 1,disease,0.01792551162217461
103,Topic 1,genetic,0.01698235857346287
104,Topic 1,population,0.01619207633682259
105,Topic 1,plo,0.015290278228748967
106,Topic 1,association,0.01508822485456826
107,Topic 1,gene,0.014903790418686638
108,Topic 1,genotype,0.014327509623363634
109,Topic 1,allele,0.014238204451986092
110,Topic 1,using,0.013285932693591173
111,Topic 1,variants,0.013221733507146928
112,Topic 1,number,0.012897761459723918
113,Topic 1,type,0.0123924464159924
114,Topic 1,individuals,0.01237839064233288
115,Topic 1,set,0.012375052562393176
116,Topic 1,was,0.011389329647063053
117,Topic 1,populations,0.01095445710399082
118,Topic 1,two,0.010953309375267454
119,Topic 1,one,0.010832412826597998
120,Topic 1,models,0.010702852014839564
121,Topic 1,based,0.010392956443288833
122,Topic 1,locus,0.010170274659618596
123,Topic 1,genes,0.01007522057841482
124,Topic 1,risk,0.010060184618502284
125,Topic 1,used,0.010059005714934243
126,Topic 1,studies,0.01001308942831249
127,Topic 1,associated,0.009735224763828713
128,Topic 1,phenotype,0.009734091325330109
129,Topic 1,power,0.00967592929292011
130,Topic 1,frequency,0.009311405686730773
131,Topic 1,methods,0.00917221623966104
132,Topic 1,table,0.009138425924943506
133,Topic 1,markers,0.009046964826313604
134,Topic 1,ancestry,0.008949032801675126
135,Topic 1,marker,0.008849078442963117
136,Topic 1,also,0.008777030760217908
137,Topic 1,test,0.00867375683132476
138,Topic 1,samples,0.00837305519347796
139,Topic 1,diseases,0.008284525893112923
140,Topic 1,value,0.00817488966787635
141,Topic 1,phenotypes,0.008059448451333131
142,Topic 1,genome,0.008044091006414098
143,Topic 1,size,0.007963276366558308
144,Topic 1,multiple,0.007788451985624974
145,Topic 1,variant,0.007511582998891994
146,Topic 1,associations,0.007466259156985113
147,Topic 1,expression,0.007390243747504722
148,Topic 1,loci,0.0072595712252371755
149,Topic 1,different,0.007181576012683228
150,Topic 2,terms,0.020733461529373828
151,Topic 2,gene,0.016006914447469985
152,Topic 2,information,0.015340073909027434
153,Topic 2,ontology,0.01526167250201627
154,Topic 2,text,0.014058347358398341
155,Topic 2,system,0.012861480000533033
156,Topic 2,term,0.012086236762853586
157,Topic 2,used,0.011410187995196252
158,Topic 2,one,0.011045814335858517
159,Topic 2,database,0.010729903358809502
160,Topic 2,also,0.010175694432266057
161,Topic 2,databases,0.010140953869377538
162,Topic 2,set,0.010071432848520199
163,Topic 2,based,0.010027183573890758
164,Topic 2,use,0.009970037365952244
165,Topic 2,example,0.009794780839680415
166,Topic 2,concepts,0.009594050427791722
167,Topic 2,using,0.009516897033142067
168,Topic 2,knowledge,0.009499444325296359
169,Topic 2,names,0.009488008013791854
170,Topic 2,protein,0.009469723381172926
171,Topic 2,user,0.009327567267399922
172,Topic 2,relations,0.009304541316845967
173,Topic 2,semantic,0.009080122958281369
174,Topic 2,two,0.008884600033638904
175,Topic 2,tools,0.008615371043976883
176,Topic 2,part,0.008613257830877174
177,Topic 2,work,0.008462278037453266
178,Topic 2,name,0.008383056944700153
179,Topic 2,genes,0.008185793854032465
180,Topic 2,bio,0.008156625136423014
181,Topic 2,table,0.008102117719504627
182,Topic 2,logie,0.00804865515627489
183,Topic 2,biological,0.0075980256793949106
184,Topic 2,words,0.007421483754343347
185,Topic 2,word,0.007362421876355695
186,Topic 2,molecular,0.007347961042895851
187,Topic 2,precision,0.0073161668947120066
188,Topic 2,concept,0.00729898176102208
189,Topic 2,web,0.007214125306296859
190,Topic 2,abstracts,0.007171849121221568
191,Topic 2,annotation,0.00710990176980203
192,Topic 2,sequence,0.007021454377164232
193,Topic 2,systems,0.006976944282938261
194,Topic 2,number,0.006903731683767202
195,Topic 2,biomedical,0.006895687230418796
196,Topic 2,available,0.0068772574380945
197,Topic 2,new,0.006869083068966731
198,Topic 2,object,0.00686603728551853
199,Topic 2,form,0.006774433823633505
200,Topic 3,gene,0.03214438318918069
201,Topic 3,genes,0.030329384793451545
202,Topic 3,expression,0.02853791516657574
203,Topic 3,regulatory,0.01655785600755996
204,Topic 3,transcription,0.016096037449050773
205,Topic 3,network,0.015618720029453862
206,Topic 3,set,0.014495350442318108
207,Topic 3,binding,0.013850906531782002
208,Topic 3,motif,0.013274512069042453
209,Topic 3,time,0.012982559193340522
210,Topic 3,number,0.012918193927218779
211,Topic 3,sites,0.012405225850508926
212,Topic 3,clusters,0.012094188227897424
213,Topic 3,networks,0.01150089819753393
214,Topic 3,cell,0.011499514889220705
215,Topic 3,clustering,0.011228831829039061
216,Topic 3,one,0.01104895430043174
217,Topic 3,dna,0.010976671482392153
218,Topic 3,data,0.010798892793579816
219,Topic 3,promoter,0.010718890213493457
220,Topic 3,using,0.010698208180356933
221,Topic 3,two,0.010584923981349614
222,Topic 3,matrix,0.010480632915883763
223,Topic 3,sequences,0.010425173103659402
224,Topic 3,cluster,0.010281405113924637
225,Topic 3,used,0.009926827575674816
226,Topic 3,algorithm,0.009911487494706038
227,Topic 3,that,0.009676470666453225
228,Topic 3,methods,0.00852004024973497
229,Topic 3,probability,0.008443540920810235
230,Topic 3,factor,0.008407247241081757
231,Topic 3,motifs,0.008393165992482387
232,Topic 3,sequence,0.008363419771523451
233,Topic 3,value,0.008328440323873759
234,Topic 3,information,0.008071803605156323
235,Topic 3,regulation,0.007923047538931268
236,Topic 3,bayesian,0.007865579306894495
237,Topic 3,known,0.00785883142991979
238,Topic 3,values,0.00783567488056702
239,Topic 3,function,0.007824071714148418
240,Topic 3,system,0.007816793795391803
241,Topic 3,promoters,0.007806797218684288
242,Topic 3,are,0.0077543928753069135
243,Topic 3,array,0.007733539298000592
244,Topic 3,given,0.007605901679950762
245,Topic 3,score,0.007597252423632512
246,Topic 3,also,0.007594783011750907
247,Topic 3,state,0.0075581205605717355
248,Topic 3,biological,0.007556982718646359
249,Topic 3,protein,0.007551666387318812
250,Topic 4,patient,0.023041255650630293
251,Topic 4,patients,0.02176914160444217
252,Topic 4,health,0.018164868183167968
253,Topic 4,clinical,0.01654510995239265
254,Topic 4,medical,0.014939616637358441
255,Topic 4,features,0.014632502590706115
256,Topic 4,set,0.013329472166563255
257,Topic 4,models,0.013227980304558294
258,Topic 4,using,0.013164541214517765
259,Topic 4,time,0.013098138836028306
260,Topic 4,performance,0.013016754082802047
261,Topic 4,data,0.01193505346490907
262,Topic 4,used,0.011657495259125555
263,Topic 4,learning,0.011464617495337557
264,Topic 4,feature,0.01128939059796707
265,Topic 4,care,0.010898080011856518
266,Topic 4,tweets,0.010329418544679446
267,Topic 4,use,0.009944917795218172
268,Topic 4,disease,0.009633154438257355
269,Topic 4,embedding,0.00957353963501884
270,Topic 4,methods,0.009451045580506664
271,Topic 4,based,0.009439644872308247
272,Topic 4,values,0.009379129336532748
273,Topic 4,class,0.009186887780398972
274,Topic 4,also,0.009179931329594857
275,Topic 4,prediction,0.008819793490179965
276,Topic 4,training,0.008742351561465586
277,Topic 4,information,0.008574608043025067
278,Topic 4,studies,0.008522522652157595
279,Topic 4,across,0.008409175690435736
280,Topic 4,regression,0.00832043527611129
281,Topic 4,datasets,0.00815836820793714
282,Topic 4,different,0.008089867440319608
283,Topic 4,two,0.008061957598091198
284,Topic 4,one,0.007986005536739442
285,Topic 4,mean,0.00786556813483114
286,Topic 4,table,0.007846554474276738
287,Topic 4,cost,0.007710201068855918
288,Topic 4,missing,0.007484327599226875
289,Topic 4,healthcare,0.007250687968452175
290,Topic 4,number,0.007225787292229552
291,Topic 4,ipv,0.007214702973409316
292,Topic 4,level,0.0071009189399046735
293,Topic 4,real,0.006965253434156627
294,Topic 4,records,0.006960807253785712
295,Topic 4,random,0.006880448470155321
296,Topic 4,day,0.0068567194757886574
297,Topic 4,deep,0.0068423608681929095
298,Topic 4,first,0.006831001772498454
299,Topic 4,test,0.00682479308412694
300,Topic 5,cancer,0.03708327302964447
301,Topic 5,gene,0.02393241683379933
302,Topic 5,genes,0.023747838395251995
303,Topic 5,mutations,0.021821559873621197
304,Topic 5,sub,0.020538956488207537
305,Topic 5,tumor,0.020335030846589455
306,Topic 5,expression,0.020003166546794213
307,Topic 5,cell,0.019360936688820614
308,Topic 5,drug,0.018947126369977495
309,Topic 5,samples,0.018127359927965304
310,Topic 5,mutation,0.017496624146158775
311,Topic 5,set,0.016422437077976033
312,Topic 5,patients,0.015894070352629033
313,Topic 5,patient,0.014023004651392177
314,Topic 5,survival,0.013475190948130789
315,Topic 5,using,0.012494877365346288
316,Topic 5,somatic,0.012439011719059949
317,Topic 5,network,0.011371596847888776
318,Topic 5,number,0.011266192403200625
319,Topic 5,pathway,0.011018334851174089
320,Topic 5,based,0.010818449819782607
321,Topic 5,lines,0.010645368000277175
322,Topic 5,clinical,0.010117414625705822
323,Topic 5,used,0.009926208417355708
324,Topic 5,types,0.009478075076558503
325,Topic 5,networks,0.009448162137666092
326,Topic 5,drugs,0.00907986376570914
327,Topic 5,two,0.00906366569963968
328,Topic 5,across,0.008986628812865233
329,Topic 5,data,0.008670911359825693
330,Topic 5,gfr,0.00859292757761353
331,Topic 5,one,0.008570568327514108
332,Topic 5,cluster,0.008506876269194212
333,Topic 5,response,0.008390466661260686
334,Topic 5,different,0.00818307332706357
335,Topic 5,test,0.008142698150835594
336,Topic 5,disease,0.008092591691250806
337,Topic 5,ation,0.00799292814042177
338,Topic 5,methyl,0.00798653387939522
339,Topic 5,lung,0.007853365128515113
340,Topic 5,also,0.007785121099903413
341,Topic 5,tcg,0.007749370146920196
342,Topic 5,matrix,0.007708077538414691
343,Topic 5,type,0.0076741256227990245
344,Topic 5,differential,0.007660292341361438
345,Topic 5,fig,0.007624941470906011
346,Topic 5,signature,0.0076212340906803375
347,Topic 5,tumors,0.007612860554142716
348,Topic 5,specific,0.007608920739622558
349,Topic 5,identified,0.007556062869685684
350,Topic 6,network,0.027394067631372414
351,Topic 6,networks,0.021774596388262266
352,Topic 6,time,0.016962697477352472
353,Topic 6,graph,0.013784562008203936
354,Topic 6,that,0.01329101399861885
355,Topic 6,system,0.013155357020646252
356,Topic 6,state,0.013148677299617051
357,Topic 6,nodes,0.012489540512763707
358,Topic 6,are,0.012076820830051465
359,Topic 6,pathway,0.011998641657628229
360,Topic 6,cell,0.011544285088325895
361,Topic 6,protein,0.011379926861533569
362,Topic 6,ppi,0.011313785135975465
363,Topic 6,gene,0.010960259266888475
364,Topic 6,reactions,0.010945179936506354
365,Topic 6,with,0.010726386616854208
366,Topic 6,two,0.01061007112739534
367,Topic 6,pathways,0.010484640588346375
368,Topic 6,one,0.010317712016036455
369,Topic 6,biological,0.010131086459627864
370,Topic 6,edges,0.009865556599268905
371,Topic 6,size,0.009472348753836896
372,Topic 6,reaction,0.009313280742447477
373,Topic 6,cells,0.009261027699969216
374,Topic 6,set,0.008990446407141778
375,Topic 6,proteins,0.008799802610378776
376,Topic 6,simulation,0.008552723885579585
377,Topic 6,number,0.008512705645566186
378,Topic 6,model,0.008499363727543771
379,Topic 6,also,0.008368961679955645
380,Topic 6,using,0.008344790193329201
381,Topic 6,models,0.008168563854356086
382,Topic 6,probability,0.007999754725140765
383,Topic 6,disease,0.007962771619053977
384,Topic 6,this,0.007961864125592603
385,Topic 6,edge,0.007803177505587869
386,Topic 6,used,0.007746123428634651
387,Topic 6,given,0.007636053007830275
388,Topic 6,rate,0.007583723247686098
389,Topic 6,information,0.007516569843209039
390,Topic 6,systems,0.007508836345179294
391,Topic 6,genes,0.007487318082320199
392,Topic 6,sub,0.007446760059605246
393,Topic 6,from,0.007439498893550121
394,Topic 6,molecules,0.007229789648176332
395,Topic 6,parameter,0.007164298688200055
396,Topic 6,can,0.007034038446563679
397,Topic 6,molecular,0.006992376500396148
398,Topic 6,methods,0.006948237583315241
399,Topic 6,states,0.0069377666952095025
400,Topic 7,tree,0.06301518950354777
401,Topic 7,trees,0.029817757304302063
402,Topic 7,taxa,0.025749267430449023
403,Topic 7,species,0.02329944124886475
404,Topic 7,number,0.019848321895593626
405,Topic 7,distance,0.019225800845226904
406,Topic 7,gene,0.018284388819962936
407,Topic 7,genomes,0.015172712158960785
408,Topic 7,two,0.015107599091421972
409,Topic 7,algorithm,0.014815781405397297
410,Topic 7,that,0.014551857495630347
411,Topic 7,phylogenetic,0.014175565714755317
412,Topic 7,duplication,0.014053635376745026
413,Topic 7,sequences,0.01370346064769148
414,Topic 7,methods,0.013681320297962344
415,Topic 7,one,0.013411428956219674
416,Topic 7,evolution,0.01334756813125239
417,Topic 7,genome,0.013281165809023708
418,Topic 7,genes,0.013236198209777608
419,Topic 7,events,0.013041487337028073
420,Topic 7,sequence,0.012626013832656687
421,Topic 7,set,0.012609795528878582
422,Topic 7,evolutionary,0.012233878878888235
423,Topic 7,problem,0.012162091120283883
424,Topic 7,with,0.012114231858917603
425,Topic 7,topology,0.011698744842062842
426,Topic 7,reconstruction,0.011464056173820212
427,Topic 7,taxon,0.01133484577575836
428,Topic 7,rate,0.011279445484344246
429,Topic 7,length,0.01114617950695585
430,Topic 7,accuracy,0.011128311793016227
431,Topic 7,node,0.011097113530699707
432,Topic 7,time,0.010993721926452989
433,Topic 7,alignment,0.010936064268919785
434,Topic 7,are,0.010727399797894619
435,Topic 7,using,0.010644050690016576
436,Topic 7,branch,0.010598205972485866
437,Topic 7,blocks,0.01057347290922481
438,Topic 7,rates,0.010235569084998437
439,Topic 7,our,0.01012655556726419
440,Topic 7,syn,0.009973547487878561
441,Topic 7,used,0.009907492532563665
442,Topic 7,transfer,0.009768234517964249
443,Topic 7,edge,0.009712174073523695
444,Topic 7,rooted,0.009506160531500978
445,Topic 7,given,0.009338873852881086
446,Topic 7,site,0.009313658417384173
447,Topic 7,ancestral,0.00924655947309224
448,Topic 7,parsimony,0.009152244784461718
449,Topic 7,different,0.008912001477967906
450,Topic 8,drug,0.05470182257888107
451,Topic 8,drugs,0.03674298260096464
452,Topic 8,target,0.023936283883856407
453,Topic 8,similarity,0.023045204691771574
454,Topic 8,compounds,0.019909809057278564
455,Topic 8,targets,0.019270475347895062
456,Topic 8,network,0.016538420884910563
457,Topic 8,based,0.016008853425737133
458,Topic 8,set,0.015646987314281994
459,Topic 8,chemical,0.014858214685775868
460,Topic 8,metabolites,0.014854740446581138
461,Topic 8,purposing,0.013817569152142448
462,Topic 8,disease,0.013495401988283796
463,Topic 8,meta,0.01298101293154941
464,Topic 8,using,0.012927593580047445
465,Topic 8,compound,0.01278864495495
466,Topic 8,methods,0.011629071229005103
467,Topic 8,used,0.011479188862512662
468,Topic 8,node,0.010860419587477726
469,Topic 8,metabolic,0.010768696526027738
470,Topic 8,graph,0.010757509714531058
471,Topic 8,sar,0.010702244397295451
472,Topic 8,reactions,0.01017460310237007
473,Topic 8,chem,0.009885160471447182
474,Topic 8,one,0.009605313542949929
475,Topic 8,boli,0.009529214738167358
476,Topic 8,enzyme,0.009377207877235241
477,Topic 8,number,0.009334665760594904
478,Topic 8,structure,0.009279448186737697
479,Topic 8,two,0.009274125742530826
480,Topic 8,also,0.009205168025154581
481,Topic 8,similar,0.009131436964874139
482,Topic 8,effect,0.009118475317141389
483,Topic 8,information,0.009078230018553039
484,Topic 8,pairs,0.008887874445227572
485,Topic 8,enzymes,0.008877397584977492
486,Topic 8,reaction,0.008854549819296448
487,Topic 8,predicted,0.00874257691926061
488,Topic 8,damage,0.008657672068648654
489,Topic 8,top,0.00849362363552127
490,Topic 8,effects,0.00847813783015889
491,Topic 8,gene,0.008429931418509609
492,Topic 8,profiles,0.008369182821936397
493,Topic 8,nodes,0.00826674271754266
494,Topic 8,tgz,0.008161865854413959
495,Topic 8,prediction,0.008120526236967757
496,Topic 8,cell,0.007901485369666653
497,Topic 8,values,0.007832496727435313
498,Topic 8,vector,0.007747222313026393
499,Topic 8,data,0.0076254327891977424
500,Topic 9,imaging,0.03332947694175399
501,Topic 9,brain,0.031447154260260145
502,Topic 9,features,0.023713643651221437
503,Topic 9,age,0.017804843934576098
504,Topic 9,subjects,0.016323906914050574
505,Topic 9,cognitive,0.01628411904479634
506,Topic 9,disease,0.016040748544920286
507,Topic 9,mci,0.014906889409220456
508,Topic 9,poe,0.014447735735497928
509,Topic 9,feature,0.014143963435557962
510,Topic 9,neuro,0.013824792241264356
511,Topic 9,using,0.013282231533280654
512,Topic 9,mri,0.013096663004242576
513,Topic 9,time,0.013067964593299602
514,Topic 9,values,0.012584205742748326
515,Topic 9,regression,0.01239592691607159
516,Topic 9,vox,0.012322611365505647
517,Topic 9,roi,0.012016472870475844
518,Topic 9,performance,0.011651209068743885
519,Topic 9,based,0.011063877738216798
520,Topic 9,matrix,0.010961783625241294
521,Topic 9,sparse,0.010806954670031378
522,Topic 9,proposed,0.010752887723614027
523,Topic 9,subject,0.010587264794463404
524,Topic 9,used,0.01035163617111621
525,Topic 9,harmonization,0.010312740133131378
526,Topic 9,functional,0.010216225453694576
527,Topic 9,test,0.010101194046329864
528,Topic 9,dni,0.009857136405592761
529,Topic 9,network,0.00981346796128991
530,Topic 9,set,0.009621622863448916
531,Topic 9,baseline,0.009609057072746625
532,Topic 9,heritability,0.009495772177595162
533,Topic 9,measures,0.009273579252006508
534,Topic 9,patients,0.009201331342926129
535,Topic 9,genetic,0.009105413708570338
536,Topic 9,value,0.009063672681406383
537,Topic 9,learning,0.009050171023056202
538,Topic 9,models,0.009018805968970643
539,Topic 9,methods,0.00894338826382516
540,Topic 9,longitudinal,0.00888510497827929
541,Topic 9,alzheimer,0.008763548417626771
542,Topic 9,prs,0.008730603512242186
543,Topic 9,memory,0.00871677547931338
544,Topic 9,clinical,0.008686795653690028
545,Topic 9,markers,0.008656134551515017
546,Topic 9,cca,0.00860812665956483
547,Topic 9,across,0.008556539566069266
548,Topic 9,tests,0.008534788059515233
549,Topic 9,language,0.008511974046195862
550,Topic 10,sequence,0.03360726034703626
551,Topic 10,dna,0.020896353487649524
552,Topic 10,sequences,0.01964871216921097
553,Topic 10,coding,0.018516210912701368
554,Topic 10,length,0.01807998412979668
555,Topic 10,domain,0.015745183710588705
556,Topic 10,reads,0.015546356062215175
557,Topic 10,genome,0.014638491826756923
558,Topic 10,system,0.014488048615471337
559,Topic 10,gene,0.014125371848276015
560,Topic 10,compression,0.013068722251861736
561,Topic 10,string,0.013004099249161615
562,Topic 10,ami,0.012606298521774221
563,Topic 10,one,0.012122632909839493
564,Topic 10,using,0.012059849801829014
565,Topic 10,set,0.01187348979488991
566,Topic 10,database,0.011803519421804522
567,Topic 10,trellis,0.011761897586096541
568,Topic 10,two,0.01148996038729509
569,Topic 10,fpga,0.011342977129894368
570,Topic 10,systems,0.011321633368678932
571,Topic 10,query,0.011317326982217444
572,Topic 10,are,0.011178105774604466
573,Topic 10,exons,0.011112066516814166
574,Topic 10,number,0.010892094329392147
575,Topic 10,you,0.010605021943679566
576,Topic 10,non,0.010527902131774921
577,Topic 10,exon,0.01032204427029206
578,Topic 10,genes,0.010021022980930588
579,Topic 10,size,0.009968848788236074
580,Topic 10,memory,0.009772581087621883
581,Topic 10,time,0.009594966602546169
582,Topic 10,with,0.00957667766641708
583,Topic 10,used,0.009445922652654504
584,Topic 10,algorithm,0.009443886120761613
585,Topic 10,gen,0.009237344420400658
586,Topic 10,based,0.009216197766267947
587,Topic 10,worm,0.008948380579706759
588,Topic 10,hardware,0.008850143725486788
589,Topic 10,position,0.00875036890506633
590,Topic 10,domains,0.008706556911554097
591,Topic 10,that,0.008590634137787474
592,Topic 10,mmer,0.00823198978576927
593,Topic 10,codon,0.008230603349362728
594,Topic 10,pash,0.008153905595919981
595,Topic 10,from,0.008117375252639555
596,Topic 10,hmm,0.008111166647030843
597,Topic 10,information,0.008049120299441591
598,Topic 10,read,0.00801091551483293
599,Topic 10,probes,0.007849609903473507
600,Topic 11,cell,0.06759504885322883
601,Topic 11,cells,0.058242760374183675
602,Topic 11,immune,0.028572211936921225
603,Topic 11,spatial,0.025604004316517798
604,Topic 11,expression,0.022743936059769224
605,Topic 11,seq,0.02175755922229141
606,Topic 11,gene,0.019409712329324022
607,Topic 11,single,0.018879384598963236
608,Topic 11,crna,0.017924281669332805
609,Topic 11,tumor,0.017751683193420128
610,Topic 11,genes,0.01724802710429029
611,Topic 11,imaging,0.017243937081677957
612,Topic 11,types,0.016633073514902626
613,Topic 11,kir,0.016459463817569825
614,Topic 11,barcode,0.014629175362054278
615,Topic 11,rna,0.014475358558312414
616,Topic 11,using,0.014315181670245897
617,Topic 11,set,0.01395849925756027
618,Topic 11,samples,0.013772386864204691
619,Topic 11,methods,0.013615410182566024
620,Topic 11,used,0.013511532868516706
621,Topic 11,image,0.013363172946637669
622,Topic 11,tissue,0.013041372524610415
623,Topic 11,performance,0.012962780828252949
624,Topic 11,coarsening,0.012820805300450001
625,Topic 11,type,0.012544438094951036
626,Topic 11,number,0.011661351615682635
627,Topic 11,specific,0.011608884148753927
628,Topic 11,across,0.011470628056743532
629,Topic 11,based,0.011418795397408692
630,Topic 11,fig,0.011145826982173949
631,Topic 11,cyto,0.010691919757978702
632,Topic 11,graph,0.010549094042176983
633,Topic 11,clustering,0.010372194259642628
634,Topic 11,transcript,0.01026906005174769
635,Topic 11,vis,0.010181751806253095
636,Topic 11,cluster,0.010029391505263382
637,Topic 11,molecular,0.00998881039353267
638,Topic 11,two,0.009933056301873806
639,Topic 11,time,0.009808069002437702
640,Topic 11,tsn,0.009301402880487673
641,Topic 11,his,0.009211249303492087
642,Topic 11,data,0.009079798340175759
643,Topic 11,ics,0.009056331286883578
644,Topic 11,datasets,0.008814860373801789
645,Topic 11,cloud,0.008810392464658956
646,Topic 11,patients,0.008548380161853423
647,Topic 11,parameters,0.008516663508500827
648,Topic 11,different,0.008447786964906332
649,Topic 11,patient,0.008437873690349589
650,Topic 12,cancer,0.032541249993252655
651,Topic 12,features,0.03254120000308299
652,Topic 12,set,0.027692942551040167
653,Topic 12,mirna,0.024075637898734903
654,Topic 12,layer,0.02386320250057762
655,Topic 12,genes,0.021530031638936607
656,Topic 12,feature,0.020902318198450714
657,Topic 12,gene,0.0203556686706768
658,Topic 12,samples,0.02012777152079703
659,Topic 12,cluster,0.019847100412683668
660,Topic 12,clustering,0.019488830717457155
661,Topic 12,training,0.01938805236064144
662,Topic 12,expression,0.018248517714644814
663,Topic 12,classification,0.01757552472905274
664,Topic 12,data,0.01740895332159132
665,Topic 12,survival,0.014988862749140658
666,Topic 12,cnn,0.014911169143959638
667,Topic 12,input,0.014659065901369032
668,Topic 12,used,0.014654547636538019
669,Topic 12,ssc,0.01448167345919624
670,Topic 12,methods,0.014294997321424658
671,Topic 12,using,0.014220995928395206
672,Topic 12,performance,0.013371395318669127
673,Topic 12,models,0.013155403946682923
674,Topic 12,tcg,0.013072043036281848
675,Topic 12,node,0.012990285679547619
676,Topic 12,breast,0.012833171586314088
677,Topic 12,test,0.012423127693193927
678,Topic 12,class,0.012402128829919713
679,Topic 12,learning,0.012200422290821038
680,Topic 12,datasets,0.011709872620604076
681,Topic 12,one,0.011557338834332593
682,Topic 12,auto,0.01149370154181038
683,Topic 12,number,0.010969964591021371
684,Topic 12,different,0.010874959191099438
685,Topic 12,selection,0.010590681997490109
686,Topic 12,trained,0.010389941442278368
687,Topic 12,deep,0.010205815045569637
688,Topic 12,nodes,0.010129125518719423
689,Topic 12,encoders,0.010128729013751812
690,Topic 12,also,0.010053972366539361
691,Topic 12,encoder,0.010046788195532352
692,Topic 12,consensus,0.009993793261109201
693,Topic 12,high,0.00998833580508823
694,Topic 12,kli,0.009876632875099349
695,Topic 12,omi,0.009698437055049455
696,Topic 12,based,0.009608106418863708
697,Topic 12,values,0.009603473641062827
698,Topic 12,specific,0.009457206646304344
699,Topic 12,types,0.00942296952586021
700,Topic 13,virus,0.04397972633897025
701,Topic 13,cov,0.029734660354339477
702,Topic 13,viral,0.027560219970939687
703,Topic 13,sequences,0.026252242243782063
704,Topic 13,protein,0.025732357704903033
705,Topic 13,human,0.025480715853258708
706,Topic 13,hiv,0.024405432760697225
707,Topic 13,sars,0.022503724167142164
708,Topic 13,proteins,0.02239661621068476
709,Topic 13,host,0.022226949514208106
710,Topic 13,sequence,0.02111608653642459
711,Topic 13,interactions,0.01936513472024511
712,Topic 13,exogenous,0.018164134495332912
713,Topic 13,viruses,0.017386984293154672
714,Topic 13,endogenous,0.016001601819131323
715,Topic 13,epi,0.015092915907848944
716,Topic 13,rate,0.014218840971426183
717,Topic 13,positive,0.014096517215357087
718,Topic 13,structural,0.013910886007858874
719,Topic 13,selection,0.013085358774010606
720,Topic 13,amino,0.01303795075512869
721,Topic 13,growth,0.01290034190046444
722,Topic 13,sites,0.012883649965598624
723,Topic 13,synonymous,0.012827014831963069
724,Topic 13,time,0.012052141659232272
725,Topic 13,features,0.011823326543394965
726,Topic 13,two,0.011726936484411424
727,Topic 13,class,0.011703384371375858
728,Topic 13,binding,0.011686870444442611
729,Topic 13,models,0.011177416272559138
730,Topic 13,used,0.011122782720059819
731,Topic 13,binary,0.010996049337044657
732,Topic 13,based,0.010903017799807358
733,Topic 13,learning,0.010851482442066306
734,Topic 13,nfs,0.010840600070585607
735,Topic 13,set,0.01083337796262491
736,Topic 13,clauses,0.0105162462031973
737,Topic 13,number,0.010273693884629021
738,Topic 13,rna,0.010234172969741771
739,Topic 13,dengue,0.010187061418329892
740,Topic 13,disorder,0.010106494973818441
741,Topic 13,residues,0.01007951501331085
742,Topic 13,phage,0.010060258735399424
743,Topic 13,structured,0.009884135918449867
744,Topic 13,fig,0.009837955179985284
745,Topic 13,cleavage,0.009734631024219124
746,Topic 13,also,0.009465223163258346
747,Topic 13,table,0.009393082003455185
748,Topic 13,interaction,0.009383660225819396
749,Topic 13,affinity,0.00935330543484766
750,Topic 14,drug,0.07522645668884671
751,Topic 14,harm,0.07403195835487748
752,Topic 14,gene,0.036925172597919796
753,Topic 14,relationships,0.029484207405623807
754,Topic 14,drugs,0.02235823131944681
755,Topic 14,xml,0.022128699113084502
756,Topic 14,genes,0.022047005284301577
757,Topic 14,heritable,0.02002068843562302
758,Topic 14,text,0.019804364683788434
759,Topic 14,ontology,0.018973982278395245
760,Topic 14,relations,0.017608958074879114
761,Topic 14,knowledge,0.017291326967922845
762,Topic 14,relationship,0.016798102608590174
763,Topic 14,schema,0.015964235480988756
764,Topic 14,response,0.015417162188913001
765,Topic 14,treatment,0.014806829223517613
766,Topic 14,class,0.014519153441241333
767,Topic 14,set,0.01378157739774387
768,Topic 14,genetic,0.013119913939867457
769,Topic 14,used,0.012767695517193409
770,Topic 14,two,0.012686558044928685
771,Topic 14,using,0.012114633355694637
772,Topic 14,verapamil,0.010948001212724141
773,Topic 14,entities,0.010930516917186288
774,Topic 14,disease,0.010898927007136466
775,Topic 14,one,0.010862058255187405
776,Topic 14,effect,0.010648225638415464
777,Topic 14,effects,0.010473064070201604
778,Topic 14,based,0.010446279478278083
779,Topic 14,curate,0.01037883097415292
780,Topic 14,fier,0.01027658848408633
781,Topic 14,map,0.010086473630095759
782,Topic 14,flow,0.010001403327234615
783,Topic 14,dose,0.009931215902694137
784,Topic 14,also,0.009829463225816293
785,Topic 14,network,0.009757865255931124
786,Topic 14,concepts,0.009675231932305725
787,Topic 14,type,0.009635623799037017
788,Topic 14,mining,0.00959375236545734
789,Topic 14,base,0.009593030488073825
790,Topic 14,vast,0.009552737933870487
791,Topic 14,genetics,0.009420679456051455
792,Topic 14,name,0.009318093351429028
793,Topic 14,treatments,0.008984623237192301
794,Topic 14,different,0.008982305819976177
795,Topic 14,abstracts,0.008892738666929542
796,Topic 14,associations,0.008835900130247794
797,Topic 14,methods,0.008814660212059625
798,Topic 14,phenotype,0.008793290826139085
799,Topic 14,mine,0.00854056349396956
800,Topic 15,rac,0.025478097083833535
801,Topic 15,species,0.024943564619227865
802,Topic 15,rrna,0.022237498576750045
803,Topic 15,biome,0.02201635679043178
804,Topic 15,communities,0.02141726694622444
805,Topic 15,micro,0.020001591647308643
806,Topic 15,microbial,0.01995846256338891
807,Topic 15,diversity,0.019937376409775928
808,Topic 15,subgroup,0.01859476866202522
809,Topic 15,coa,0.018539901198089362
810,Topic 15,sequencing,0.017734471073492585
811,Topic 15,abundance,0.017695468771969106
812,Topic 15,phyla,0.017158417367840004
813,Topic 15,meta,0.017087109854236508
814,Topic 15,metabolic,0.01704319327954489
815,Topic 15,sequences,0.015107179163463371
816,Topic 15,tree,0.014969669079473604
817,Topic 15,dictionary,0.014499512134150802
818,Topic 15,organisms,0.014306490596510608
819,Topic 15,community,0.013947042398750036
820,Topic 15,samples,0.013904529585725113
821,Topic 15,phylogenetic,0.013659445849504313
822,Topic 15,unit,0.013220102198353657
823,Topic 15,weighted,0.01315962196195498
824,Topic 15,clone,0.013099384210065818
825,Topic 15,bacterial,0.013083240048589082
826,Topic 15,two,0.012437499777161302
827,Topic 15,table,0.012199000824532149
828,Topic 15,lose,0.012172005262184859
829,Topic 15,cfs,0.012169924638233695
830,Topic 15,set,0.012000059627998104
831,Topic 15,distance,0.011904998976794017
832,Topic 15,genus,0.011722906177583913
833,Topic 15,axis,0.011697112648980169
834,Topic 15,genomic,0.011689925493541153
835,Topic 15,based,0.011564189906727135
836,Topic 15,test,0.011542399762536019
837,Topic 15,parametric,0.011541122352620153
838,Topic 15,well,0.011467440318419104
839,Topic 15,taxa,0.011339898603989486
840,Topic 15,strains,0.011288324598022662
841,Topic 15,different,0.011075271443830203
842,Topic 15,reads,0.01074752046429668
843,Topic 15,blast,0.010557215793390237
844,Topic 15,methods,0.010528644981222527
845,Topic 15,class,0.010129683079739063
846,Topic 15,classes,0.009867167779992542
847,Topic 15,sequence,0.00973138023913319
848,Topic 15,using,0.009693063883149175
849,Topic 15,used,0.00952430646663601
850,Topic 16,rna,0.09542509903663386
851,Topic 16,rnas,0.037733200941577144
852,Topic 16,sequence,0.03381352660965082
853,Topic 16,structure,0.030463846632661447
854,Topic 16,secondary,0.027421243584752383
855,Topic 16,sequences,0.026465099692361275
856,Topic 16,reads,0.025791439085057346
857,Topic 16,alignments,0.02355916400518625
858,Topic 16,base,0.02194456519289064
859,Topic 16,sci,0.020702635780282194
860,Topic 16,length,0.020582160330117102
861,Topic 16,intron,0.020305360306684988
862,Topic 16,binding,0.020154179637727518
863,Topic 16,protein,0.018676164087094084
864,Topic 16,transcripts,0.017218885853047976
865,Topic 16,used,0.017212634072872216
866,Topic 16,structures,0.016454643909075674
867,Topic 16,seq,0.015451282201110283
868,Topic 16,loop,0.015339985056694384
869,Topic 16,alignment,0.014948929999545066
870,Topic 16,energy,0.014706700459021487
871,Topic 16,clip,0.01451207444570673
872,Topic 16,number,0.014475880277931426
873,Topic 16,two,0.014323997879462787
874,Topic 16,transcript,0.014314915463797673
875,Topic 16,knot,0.013510954948348378
876,Topic 16,zoar,0.01350668256306242
877,Topic 16,rib,0.013441459561990563
878,Topic 16,pseudo,0.013287730513974638
879,Topic 16,grammar,0.013262085031857832
880,Topic 16,cus,0.012985604035155281
881,Topic 16,structural,0.012675947665553
882,Topic 16,pair,0.01233908990470386
883,Topic 16,fig,0.011658496010460314
884,Topic 16,pairs,0.011622527398722004
885,Topic 16,minimum,0.011582469669399673
886,Topic 16,prediction,0.01158218092388019
887,Topic 16,norn,0.011578701549001114
888,Topic 16,sites,0.01153026331027128
889,Topic 16,sub,0.010805769856977484
890,Topic 16,using,0.010777603943412628
891,Topic 16,nucleotide,0.01071411000250709
892,Topic 16,nucleotides,0.010576213705738373
893,Topic 16,table,0.01048715273947368
894,Topic 16,set,0.010334378644619998
895,Topic 16,algorithm,0.010098690747868273
896,Topic 16,facial,0.009986686611755988
897,Topic 16,detect,0.009848142648948252
898,Topic 16,also,0.009818579606300204
899,Topic 16,read,0.009730271226845902
900,Topic 17,peptide,0.06442488991745686
901,Topic 17,mass,0.05829861535257737
902,Topic 17,spectra,0.04679801090810394
903,Topic 17,peak,0.043302773741467994
904,Topic 17,peaks,0.04172420235680218
905,Topic 17,peptides,0.03955190298719242
906,Topic 17,spectrum,0.03590156613172249
907,Topic 17,ion,0.021199027288614187
908,Topic 17,teo,0.02047024486168417
909,Topic 17,intensity,0.019728855650748677
910,Topic 17,set,0.01913003683281624
911,Topic 17,mic,0.01852352036806728
912,Topic 17,tms,0.017789121897292252
913,Topic 17,protein,0.01761094915036397
914,Topic 17,pro,0.017563549847986238
915,Topic 17,ions,0.017194495858364987
916,Topic 17,error,0.015605814588490556
917,Topic 17,identified,0.015397814805747792
918,Topic 17,samples,0.014951652404345117
919,Topic 17,features,0.01473636286708198
920,Topic 17,proteins,0.014508560720443814
921,Topic 17,number,0.01394148307545417
922,Topic 17,pep,0.013563004711897095
923,Topic 17,identification,0.013415100005493797
924,Topic 17,diagnosis,0.01317092474627094
925,Topic 17,algorithm,0.013054452570951093
926,Topic 17,values,0.012654767598458535
927,Topic 17,intensities,0.011844800917988979
928,Topic 17,one,0.011779718171524622
929,Topic 17,quest,0.011058495331804983
930,Topic 17,using,0.010986436489259926
931,Topic 17,detect,0.010958714734226205
932,Topic 17,tissue,0.010923508732156167
933,Topic 17,two,0.010550538555388428
934,Topic 17,first,0.010469288189955968
935,Topic 17,top,0.010391235596496124
936,Topic 17,latent,0.010326638374214934
937,Topic 17,characteristics,0.010313951115290864
938,Topic 17,fragment,0.010103501646898376
939,Topic 17,feature,0.010012747536615716
940,Topic 17,matrix,0.010009878421468735
941,Topic 17,subtle,0.009715878286653976
942,Topic 17,marker,0.009612820928754153
943,Topic 17,score,0.009599443070519484
944,Topic 17,selected,0.009522840760873346
945,Topic 17,used,0.009500456263125033
946,Topic 17,different,0.009316604375610861
947,Topic 17,trim,0.009268007510045305
948,Topic 17,spectral,0.009259330040161981
949,Topic 17,fragmentation,0.009185233905057846
950,Topic 18,alignment,0.09049982452139299
951,Topic 18,alignments,0.063014943844905
952,Topic 18,sequences,0.04132652021168576
953,Topic 18,scoring,0.036648105581723225
954,Topic 18,score,0.03658387083325257
955,Topic 18,gap,0.030928970044300837
956,Topic 18,optimal,0.028341132488013718
957,Topic 18,length,0.027911077595357995
958,Topic 18,sequence,0.024018700448795203
959,Topic 18,path,0.02285729783402519
960,Topic 18,probability,0.02206061474178642
961,Topic 18,matrix,0.01947492057519984
962,Topic 18,aligned,0.01944010745311699
963,Topic 18,algorithm,0.018904561746262507
964,Topic 18,local,0.01884504363111211
965,Topic 18,scores,0.017702294744847635
966,Topic 18,two,0.017279465046808596
967,Topic 18,log,0.017166023439598478
968,Topic 18,pairs,0.01576108916055939
969,Topic 18,temperature,0.01508810488690998
970,Topic 18,del,0.014895265530818146
971,Topic 18,suboptimal,0.014846971253976979
972,Topic 18,consensus,0.01473582106170144
973,Topic 18,act,0.014707117648329491
974,Topic 18,gcc,0.014570854002720015
975,Topic 18,hox,0.014161076383154432
976,Topic 18,die,0.01405696067387064
977,Topic 18,given,0.013940943258420506
978,Topic 18,one,0.01386450629440038
979,Topic 18,paths,0.013715508334827858
980,Topic 18,substitution,0.013629300797910816
981,Topic 18,can,0.01351652742679578
982,Topic 18,matrices,0.01307299346518177
983,Topic 18,rectangle,0.012918856721486143
984,Topic 18,with,0.012855192608901791
985,Topic 18,nite,0.01285104149871535
986,Topic 18,pair,0.012841455764516434
987,Topic 18,markov,0.012562295941612667
988,Topic 18,align,0.012396618492670068
989,Topic 18,heap,0.012178548001784972
990,Topic 18,parameters,0.01209656246112931
991,Topic 18,number,0.011872318322644253
992,Topic 18,are,0.011866952466122013
993,Topic 18,character,0.011817853912999325
994,Topic 18,sign,0.011420940344772148
995,Topic 18,maximum,0.011413611691221475
996,Topic 18,that,0.011382296427901391
997,Topic 18,used,0.01137464863667204
998,Topic 18,rent,0.011366456269602952
999,Topic 18,gaps,0.01122431945343224
